wikidata_id,name,category,image_url,country,wikipedia_url,sitelinks,latitude,longitude,description
Q214861,Hartsfield–Jackson Atlanta International Airport,airports,http://commons.wikimedia.org/wiki/Special:FilePath/Atlanta%20Hartsfield-Jackson.jpg,United States,https://en.wikipedia.org/wiki/Hartsfield%E2%80%93Jackson_Atlanta_International_Airport,136,33.636666666,-84.428055555,"Hartsfield–Jackson Atlanta International Airport (IATA: ATL, ICAO: KATL, FAA LID: ATL) is the primary international airport serving Atlanta and its surrounding metropolitan area in the U.S. state of Georgia. Located 10 mi (16 km; 8.7 nmi) south of the Downtown Atlanta district, it is named after former Atlanta mayors William B. Hartsfield and Maynard Jackson.
Since 1998, Hartsfield–Jackson has been the world's busiest airport by passenger traffic, except 2020, when its passenger traffic dipped for that year due to travel restrictions resulting from the COVID-19 pandemic. In 2024, Hartsfield–Jackson served 108.1 million passengers, the most of any airport in the world.
Hartsfield–Jackson is the primary hub of Delta Air Lines, and it is home to the airline's corporate headquarters. With just over 1,000 flights a day to 225 domestic and international destinations, the Delta hub is the world's largest airline hub, and it is considered the first mega-hub in America. Additionally, Hartsfi..."
Q8731,Los Angeles International Airport,airports,http://commons.wikimedia.org/wiki/Special:FilePath/LAX2.jpg,United States,https://en.wikipedia.org/wiki/Los_Angeles_International_Airport,136,33.9425,-118.408056,"Los Angeles International Airport (IATA: LAX, ICAO: KLAX, FAA LID: LAX) is the primary international airport serving Los Angeles and its surrounding metropolitan area, in the U.S. state of California. LAX is located in the Westchester neighborhood of the City of Los Angeles, 18 miles (29 km; 16 nmi) southwest of downtown Los Angeles, with the commercial and residential areas of Westchester to the north, the city of El Segundo to the south, and the city of Inglewood to the east. LAX is the closest airport to the Westside and the South Bay.
The airport is operated by Los Angeles World Airports (LAWA), a branch of the Los Angeles city government, that also operates the Van Nuys Airport for general aviation. The airport covers 3,500 acres (1,400 ha) of land and has four parallel runways.
In 2023, LAX handled 75,050,875 passengers, making it the world's eleventh-busiest airport, according to the Airports Council International rankings. In 2024, LAX served 76,587,980 passengers, a 2.04% i..."
Q213717,O'Hare International Airport,airports,http://commons.wikimedia.org/wiki/Special:FilePath/O%27Hare%20International%20Airport%20%28USGS%29.png,United States,https://en.wikipedia.org/wiki/O%27Hare_International_Airport,134,41.978611111,-87.904722222,"Chicago O'Hare International Airport (IATA: ORD, ICAO: KORD, FAA LID: ORD) is the primary international airport serving Chicago, Illinois, United States, located on the city's Northwest Side, approximately 17 miles (27 km) northwest of downtown. The airport is operated by the Chicago Department of Aviation and covers 7,627 acres (11.92 sq mi; 30.87 km2). It is the airport with the most runways in the world, with eight.
Designed to be the successor to Chicago's Midway International Airport, itself once nicknamed the ""busiest square mile in the world"", O'Hare began as an airfield serving a Douglas manufacturing plant for C-54 military transports during World War II. It was renamed Orchard Field Airport in the mid-1940s and assigned the IATA code ORD. In 1949, it was renamed after aviator Edward ""Butch"" O'Hare, the U.S. Navy's first Medal of Honor recipient during World War II. As the first major airport planned after World War II, O'Hare's innovative design pioneered concepts such as ..."
Q319654,LaGuardia Airport,airports,http://commons.wikimedia.org/wiki/Special:FilePath/LaGuardia%20Airport.JPG,United States,https://en.wikipedia.org/wiki/LaGuardia_Airport,116,40.775,-73.875,"LaGuardia Airport (IATA: LGA, ICAO: KLGA, FAA LID: LGA), colloquially known as LaGuardia or LGA, is a civil airport in East Elmhurst, Queens, New York City, United States, situated on the northwestern shore of Long Island, bordering Flushing Bay. Covering 680 acres (280 hectares) as of January 1, 2026, the facility was established in 1929, and began operating as a public airport in 1939. It is named after Fiorello H. La Guardia, a former mayor of New York City.
The airport accommodates airline service primarily to domestic, but also to limited international destinations. As of 2023, it was the third-busiest airport in the New York metropolitan area behind Kennedy and Newark airports, and the 19th-busiest in the United States by passenger volume. The airport is located directly to the north of the Grand Central Parkway, the airport's primary access highway. While the airport is a hub for both American Airlines and Delta Air Lines, commercial service is strictly governed by unique reg..."
Q8688,San Francisco International Airport,airports,http://commons.wikimedia.org/wiki/Special:FilePath/Aerial%20view%20of%20San%20Francisco%20International%20Airport%202010.jpg,United States,https://en.wikipedia.org/wiki/San_Francisco_International_Airport,116,37.618888888,-122.375,"San Francisco International Airport (IATA: SFO, ICAO: KSFO, FAA LID: SFO) is the primary international airport serving the San Francisco Bay Area in the U.S. state of California. Owned and operated by the City and County of San Francisco, the airport has a San Francisco mailing address and ZIP Code, although it is situated in an unincorporated area of neighboring San Mateo County, approximately 12 miles (19 km; 10 nmi) southeast of  San Francisco.
SFO is the largest airport in the Bay Area and the second-busiest in California, following Los Angeles International Airport (LAX). In 2025, it ranked as the 13th-busiest airport in the United States and the 32nd-busiest in the world by passenger traffic. It is a hub for United Airlines, acting as the airline's primary transpacific gateway and as a major maintenance facility. Additionally, SFO functions as a hub for Alaska Airlines."
Q188698,Kīlauea,volcanoes,http://commons.wikimedia.org/wiki/Special:FilePath/Kilauea%20-%20Landsat%20mosaic.jpg,United States,https://en.wikipedia.org/wiki/K%C4%ABlauea,128,19.421097,-155.286762,"Kīlauea (US:   KIL-ə-WAY-ə, Hawaiian: [kiːlɐwˈwɛjə]) is an active shield volcano in the Hawaiian Islands. It is located along the southeastern shore of Hawaii Island. The volcano is between 210,000 and 280,000 years old and grew above sea level about 100,000 years ago. Since the islands were settled, it has been the most active of the five volcanoes that together form the island and among the most active volcanoes on Earth. The most recent eruption began in December 2024, with episodic lava fountains and flows continuing into 2026.
Kīlauea is the second-youngest product of the Hawaiian hotspot and the current eruptive center of the Hawaiian–Emperor seamount chain. Because it lacks topographic prominence and its activities historically coincided with those of Mauna Loa, Kīlauea was once thought to be a satellite of its much larger neighbor. Kīlauea has a large, fairly recently formed caldera at its summit and two active rift zones, one extending 125 km (78 mi) east and the other 35 k..."
Q859354,Lassen Peak,volcanoes,http://commons.wikimedia.org/wiki/Special:FilePath/Lassen%20Peak%20in%20June%202020.jpg,United States,https://en.wikipedia.org/wiki/Lassen_Peak,99,40.488055555,-121.505,"Lassen Peak ( LASS-ən), commonly referred to as Mount Lassen, is a 10,457-foot (3,187 m) lava dome volcano in Lassen Volcanic National Park in Northern California.  Located in the Shasta Cascade region above the northern Sacramento Valley, it is the southernmost active volcano in the Cascade Range of the Western United States, and part of the Cascade Volcanic Arc stretching from southwestern British Columbia to Northern California.  It supports many flora and fauna among its diverse habitats, which reach high elevations  and are subject to frequent snowfall.
Lassen Peak has a volume of 0.6 cu mi (2.5 km3), making it one of the largest lava domes on Earth. The volcano arose from the former northern flank of now-eroded Mount Tehama about 27,000 years ago, from a series of eruptions over the course of a few years. The mountain has been significantly eroded by glaciers over the last 25,000 years, and is now covered in talus deposits.
On May 22, 1915, a powerful explosive eruption at Las..."
Q131230,Mauna Kea,volcanoes,http://commons.wikimedia.org/wiki/Special:FilePath/Mauna%20Kea10.jpg,United States,https://en.wikipedia.org/wiki/Mauna_Kea,87,19.820555555,-155.468055555,"Mauna Kea (, Hawaiian: [ˈmɐwnə ˈkɛjə]; abbreviation for Mauna a Wākea, 'White Mountain') is a dormant shield volcano on the island of Hawaiʻi. Its peak is 13,803 feet (4,207.3 meters) above sea level, making it the highest point in Hawaii and the island with the second highest high point, behind New Guinea. The peak is about 125 ft (38 m) higher than Mauna Loa, its more massive neighbor. Mauna Kea is unusually topographically prominent for its height: its prominence from sea level is 15th in the world among mountains, at 13,803 ft (4,207.3 m); its prominence from under the ocean is 30,610 ft (9,330 m), rivaled only by Mount Everest. This dry prominence is greater than Everest's height above sea level of 8,848.86 metres or 29,031.7 feet, and some authorities have labeled Mauna Kea the tallest mountain in the world, from its underwater base. Mauna Kea is ranked 8th by topographic isolation.
It is about one million years old and thus passed the most active shield stage of life hundreds..."
Q4675,Q4675,volcanoes,http://commons.wikimedia.org/wiki/Special:FilePath/State%20Route%20504%20eastbound%20approaching%20Mount%20St.%20Helens%20near%20Castle%20Lake.jpg,United States,https://en.wikipedia.org/wiki/Mount_St._Helens,82,46.200277777,-122.189444444,"Mount St. Helens (known as Lawetlat'la to the local Cowlitz people, and Loowit or Louwala-Clough to the Klickitat) is an active stratovolcano located in Skamania County, Washington, in the Pacific Northwest region of the United States. It lies 52 miles (83 km) northeast of Portland, Oregon, and 98 miles (158 km) south of Seattle. Mount St. Helens takes its English name from that of the British diplomat Alleyne FitzHerbert, 1st Baron St Helens, a friend of explorer George Vancouver who surveyed the area in the late 18th century. The volcano is part of the Cascade Volcanic Arc, a segment of the Pacific Ring of Fire.
The mountain's eruption on May 18, 1980 is the most economically destructive volcanic event in U.S. history. 57 people were killed and 200 homes, 47 bridges, 15 miles (24 km) of railways, and 185 miles (298 km) of highway were destroyed. A massive debris avalanche, triggered by a magnitude 5.1 earthquake, caused a lateral eruption that reduced the elevation of the mountain..."
Q159762,Mauna Loa,volcanoes,http://commons.wikimedia.org/wiki/Special:FilePath/Mauna%20Loa.jpg,United States,https://en.wikipedia.org/wiki/Mauna_Loa,77,19.483333333,-155.6,"Mauna Loa (, Hawaiian: [ˈmɐwnə ˈlowə]; lit. 'Long Mountain') is one of five volcanoes that form the Island of Hawaii in the U.S. state of Hawaii in the Pacific Ocean. Mauna Loa is Earth's largest active volcano by both mass and volume. It was historically considered to be the largest volcano on Earth until the submarine mountain Tamu Massif was discovered to be larger. Mauna Loa is a shield volcano with relatively gentle slopes, and a volume estimated at 18,000 cubic miles (75,000 km3), although its peak is about 125 feet (38 m) lower than that of its neighbor, Mauna Kea. Lava eruptions from Mauna Loa are silica-poor and very fluid, and tend to be non-explosive.
Ancient Hawaiians arrived to the island bringing various changes to the ecosystem. Hunting resulted in the extinction of some bird species, but the Ancient Hawaiians also introduced various plant and animal species, changing the erosion rates of the land. Many religious and traditions beliefs connected the people to the volc..."
Q118388,Death Valley,deserts,http://commons.wikimedia.org/wiki/Special:FilePath/Badwater%20Desolation.jpg,United States,https://en.wikipedia.org/wiki/Death_Valley,79,36.456938888,-116.865280555,"Death Valley (Panamint: Tümpisa [tɨmbiʃa]) is a desert valley in Eastern California, United States, in the northern Mojave Desert, bordering the Great Basin Desert. The World Meteorological Organization lists Death Valley as the site of the hottest surface temperature recorded on Earth.
Death Valley's Badwater Basin is the point of lowest elevation in North America, at 282 feet (86 m) below sea level. It is 84.6 miles (136.2 km) east-southeast of Mount Whitney – the highest point in the contiguous United States, with an elevation of 14,505 feet (4,421 m). On the afternoon hours of July 10, 1913, the United States Weather Bureau recorded a temperature of 134 °F (56.7 °C) at Furnace Creek in Death Valley, which stands as the highest ambient air temperature ever recorded on the surface of the Earth. However, this reading and several others taken in that period are disputed by some modern experts due to observer issues and regional disparities in temperature values. The highest reliable..."
Q184355,Mojave Desert,deserts,http://commons.wikimedia.org/wiki/Special:FilePath/Calico%20basin%20red%20rock%20cumulus%20mediocris.jpg,United States,https://en.wikipedia.org/wiki/Mojave_Desert,70,35.008333333,-115.475,"The Mojave Desert ( ; Mohave: Hayikwiir Mat'aar; Spanish: Desierto de Mojave) is a desert in the rain shadow of the southern Sierra Nevada mountains and Transverse Ranges in the Southwestern United States. Named after the indigenous Mohave people, it is located primarily in southeastern California and southwestern Nevada, with small portions extending into Arizona and Utah.
The Mojave Desert, together with the Sonoran, Chihuahuan, and Great Basin deserts, form a larger North American desert. Of these, the Mojave is the smallest and driest. It displays typical basin and range topography, generally having a pattern of a series of parallel mountain ranges and valleys. It is also the site of Death Valley, which is the lowest elevation in North America. The Mojave Desert is often colloquially called the ""high desert"", as most of it lies between 2,000 and 4,000 feet (610 and 1,220 m). It supports a diversity of flora and fauna.
The 54,000-square-mile (140,000 km2) desert supports a number..."
Q189429,Sonoran Desert,deserts,http://commons.wikimedia.org/wiki/Special:FilePath/AguaFriaNM%20%28cropped%29.jpeg,United States,https://en.wikipedia.org/wiki/Sonoran_Desert,67,32.26,-112.926111111,"The Sonoran Desert (Spanish: Desierto de Sonora) is a hot desert and ecoregion in North America that covers parts of the northwestern Mexican states of Sonora, Baja California, and Baja California Sur, as well as part of the Southwestern United States (in Arizona and California). It has an area of 260,000 square kilometers (100,000 sq mi).
In phytogeography, the Sonoran Desert is within the Sonoran floristic province of the Madrean region of southwestern North America, part of the Holarctic realm of the northern Western Hemisphere. The desert contains a variety of unique endemic plants and animals, notably, the saguaro (Carnegiea gigantea) and organ pipe cactus (Stenocereus thurberi).
The Sonoran Desert is clearly distinct from nearby deserts (e.g., the Great Basin, Mojave, and Chihuahuan deserts) because it provides subtropical warmth in winter and two seasons of rainfall (in contrast, for example, to the Mojave's dry summers and cold winters). This creates an extreme contrast betw..."
Q855658,Chihuahuan Desert,deserts,http://commons.wikimedia.org/wiki/Special:FilePath/Chihuahuan%20Desert.jpg,United States,https://en.wikipedia.org/wiki/Chihuahuan_Desert,47,30.540555555,-103.837222222,"The Chihuahuan Desert (Spanish: Desierto de Chihuahua, Desierto Chihuahuense) is a desert ecoregion designation covering parts of northern Mexico and the southwestern United States. It occupies much of far West Texas, the middle to lower Rio Grande Valley and the lower Pecos Valley in New Mexico, and a portion of southeastern Arizona, as well as the central and northern portions of the Mexican Plateau. It is bordered on the west by the Sonoran Desert, the Colorado Plateau, and the extensive Sierra Madre Occidental range, along with the northwestern lowlands of the Sierra Madre Oriental range. Its largest, continual expanse is located in Mexico, covering a large portion of the state of Chihuahua, along with portions of Coahuila, north-eastern Durango, the extreme northern part of Zacatecas, and small western portions of Nuevo León. With an area of about 501,896 km2 (193,783 sq mi), it is the largest hot desert in North America. The desert is fairly young, existing for only 8,000 years."
Q273446,Great Basin Desert,deserts,http://commons.wikimedia.org/wiki/Special:FilePath/Great%20Basin%20Desert%203%20by%20Earth%27s%20beauty%20site.jpg,United States,https://en.wikipedia.org/wiki/Great_Basin_Desert,38,39.0058,-114.2197,"The Great Basin Desert is part of the Great Basin between the Sierra Nevada and the Wasatch Range in the western United States. The desert is a geographical region that largely overlaps the Great Basin shrub steppe defined by the World Wildlife Fund, and the Central Basin and Range ecoregion defined by the U.S. Environmental Protection Agency and United States Geological Survey. It is a temperate desert with hot, dry summers and snowy winters. The desert spans large portions of Nevada and Utah, and extends into eastern California. The desert is one of the four biologically defined deserts in North America, in addition to the Mojave, Sonoran, and Chihuahuan Deserts.
Basin and range topography characterizes the desert: wide valleys bordered by parallel mountain ranges generally oriented north–south. There are more than 33 peaks within the desert with summits higher than 9,800 feet (3,000 m), but valleys in the region are also high, most with elevations above 3,900 feet (1,200 m). The ..."
Q34221,Niagara Falls,waterfalls,http://commons.wikimedia.org/wiki/Special:FilePath/Niagara%20Falls%20USA%20Canada%20from%20Skylon%20Tower%20on%202002-05-28%2C%20full%20size.jpg,United States,https://en.wikipedia.org/wiki/Niagara_Falls,268,43.08,-79.071,"Niagara Falls is a group of three waterfalls at the southern end of Niagara Gorge, spanning the border between the Canadian province of Ontario and the U.S. state of New York. The largest of the three is Horseshoe Falls, which straddles the international border of the two countries. It is also known as the Canadian Falls. The smaller American Falls and Bridal Veil Falls lie within the United States. 
Formed by the Niagara River, which drains Lake Erie into Lake Ontario, the combined falls have the highest flow rate of any waterfall in North America that has a vertical drop of more than 50 m (164 ft). During peak daytime tourist hours, more than 168,000 m3 (5.9 million ft3) of water goes over the crest of the falls every minute. 
Bridal Veil Falls is separated from Horseshoe Falls by Goat Island and from American Falls by Luna Island, with both islands situated in New York. Horseshoe Falls is the most powerful waterfall in North America, as measured by flow rate. Niagara Falls is fam..."
Q491677,Yosemite Falls,waterfalls,http://commons.wikimedia.org/wiki/Special:FilePath/Yosemite%20falls%20winter%202010.JPG,United States,https://en.wikipedia.org/wiki/Yosemite_Falls,40,37.755018,-119.597297,"Yosemite Falls is the highest waterfall in Yosemite National Park, dropping a total of 2,425 feet (739 m) from the top of the upper fall to the base of the lower fall.  Located in the Sierra Nevada of California, it is a major attraction in the park, especially in late spring when the water flow is at its peak."
Q37319,Multnomah Falls,waterfalls,http://commons.wikimedia.org/wiki/Special:FilePath/Multnomah%20Falls%20on%202%20August%202012.jpg,United States,https://en.wikipedia.org/wiki/Multnomah_Falls,24,45.57595,-122.115361111,"Multnomah Falls is a waterfall located on Multnomah Creek in the Columbia River Gorge, east of Troutdale, between Corbett and Dodson, Oregon, United States. The waterfall is accessible from the Historic Columbia River Highway and Interstate 84. Spanning two tiers on basalt cliffs, it is the tallest waterfall in the state of Oregon at 620 ft (189 m) in height.  The Multnomah Creek Bridge, built in 1914, crosses below the falls, and is listed on the National Register of Historic Places.
The land surrounding the falls was developed by Simon Benson in the early-twentieth century, with a pathway, viewing bridge, and adjacent lodge being constructed in 1925. The Multnomah Falls Lodge and the surrounding footpaths at the falls were added to the National Register of Historic Places in 1981. Contemporarily, the state of Oregon maintains a switchback trail that ascends to a talus slope 100 feet (30 m) above the falls, and descends to an observation deck that overlooks the falls' edge. The fal..."
Q37385,Horsetail Fall,waterfalls,http://commons.wikimedia.org/wiki/Special:FilePath/2007-02-16%20-%20Horsetail%20Fall%20%28Yosemite%29.jpg,United States,https://en.wikipedia.org/wiki/Horsetail_Fall_(Yosemite),22,37.7291,-119.628,"Horsetail Fall, located in Yosemite National Park in California, is a seasonal waterfall that flows in the winter and early spring. The fall occurs on the east side of El Capitan. If Horsetail Fall is flowing in February and the weather conditions are just right, the setting sun illuminates the waterfall, making it glow orange and red. This natural phenomenon is often referred to as the ""Firefall"", a name that pays homage to Yosemite Firefall, the manmade event that once took place in Yosemite."
Q38305,Oloʻupena Falls,waterfalls,http://commons.wikimedia.org/wiki/Special:FilePath/Molokai%20Waterfall.jpg,United States,https://en.wikipedia.org/wiki/Olo%CA%BBupena_Falls,19,21.164722222,-156.859444444,"Oloʻupena Falls is a waterfall located in the north-eastern part of Hawaiian Island of Molokai, and at 2,953 feet (900 meters) is unofficially cited as the fourth highest waterfall in the world, and the highest in the United States.
The falls occur where a short, seasonal stream spills over the edge of one of the tallest sea-side cliffs of the world, located between the Pelekunu and Wailau valleys. They have eroded a groove in the cliff-face and can be observed only from the ocean or air."
Q1373778,Horseshoe Falls,waterfalls,http://commons.wikimedia.org/wiki/Special:FilePath/Niagara%20Falls%206%20db.jpg,United States,https://en.wikipedia.org/wiki/Horseshoe_Falls,18,43.077305,-79.07562,"Horseshoe Falls is the largest of the three waterfalls that collectively form Niagara Falls on the Niagara River along the Canada–United States border. Approximately 90% of the Niagara River, after around half the water (75% at night and in winter) is diverted for hydropower generation, flows over Horseshoe Falls. The remaining 10% flows over American Falls and Bridal Veil Falls. It is located between Terrapin Point on Goat Island in the US state of New York, and Table Rock in the Canadian province of Ontario. These falls are also referred to as the Canadian Falls."
Q38402,Dry Falls,waterfalls,http://commons.wikimedia.org/wiki/Special:FilePath/Dry%20Falls.jpg,United States,https://en.wikipedia.org/wiki/Dry_Falls,18,47.605725,-119.353644,"Dry Falls is a 3.5-mile-long (5.6 km) scalloped precipice with four major alcoves, in central Washington scablands. This cataract complex is on the opposite side of the Upper Grand Coulee from the Columbia River, and at the head of the Lower Grand Coulee, northern end of Lenore Canyon. According to the current geological model, catastrophic flooding channeled water at 65 miles per hour (105 kph) through the Upper Grand Coulee and over this 400-foot (120 m) rock face at the end of the last glaciation. It is estimated that the falls were five times the width of Niagara Falls, with ten times the flow of all the current rivers in the world combined.
Nearly twenty thousand years ago, as glaciers moved south through North America, an ice sheet dammed the Clark Fork River near Sandpoint, Idaho. Consequently, a significant portion of western Montana flooded, forming the gigantic Lake Missoula. About the same time, Glacial Lake Columbia was formed on the ice-dammed Columbia River behind the ..."
Q37957,Alamere Falls,waterfalls,http://commons.wikimedia.org/wiki/Special:FilePath/AlamereFalls.JPG,United States,https://en.wikipedia.org/wiki/Alamere_Falls,18,37.953611111,-122.783333333,"Alamere Falls is a coastal waterfall in Point Reyes National Seashore, Marin County, California; it flows directly into the ocean. It is one of only two coastal waterfalls in California, the other being McWay Falls.
Alamere Falls tumbles over fragile shale cliffs at Alamere Creek Beach. Upstream of the main Alamere Falls is the upper Alamere Falls, consisting of three separate cascades. Together, these cascades are approximately 20–30 feet (6–9 m) in height. All of these waterfalls are fed by Alamere Creek.
Alamere Falls can be reached by following the Coast Trail from the Palomarin Trailhead at the end of Mesa Road out of Bolinas, California. After 2.5 mi (4.0 km), the trail passes two small lakes (Bass Lake and Pelican Lake). Bass Lake can be accessed by a side trail that leads to a rope swing, and hikers often stop for a swim during summer months. From the Palomarin Trailhead, the hike is 3.8 mi (6.1 km), one-way, to the top of the falls. To reach the bottom of the falls, the Nat..."
Q1752963,Saint Anthony Falls,waterfalls,http://commons.wikimedia.org/wiki/Special:FilePath/Saint%20Anthony%20Falls%20aerial.jpg,United States,https://en.wikipedia.org/wiki/Saint_Anthony_Falls,17,44.981666666,-93.258611111,"Saint Anthony Falls, or the Falls of Saint Anthony (Dakota: Owámniyomni, lit. 'whirlpool'), located at the northeastern edge of downtown Minneapolis, Minnesota, was the only natural major waterfall on the Mississippi River. Throughout the mid-to-late 1800s, various dams were built atop the east and west faces of the falls to support the milling industry that spurred the growth of the city of Minneapolis. In 1880, the central face of the falls was reinforced with a sloping timber apron to stop the upstream erosion of the falls. In the 1950s, the apron was rebuilt with concrete, which makes up the most visible portion of the falls today. A series of locks were constructed in the 1950s and 1960s to extend navigation to points upstream.
The falls were renamed from their Dakota title in 1680 by Father Louis Hennepin after his patron saint, St. Anthony of Padua. The towns of St. Anthony and Minneapolis, which had developed on the east and west sides of the falls, respectively, merged in 1..."
Q38586,Nevada Fall,waterfalls,http://commons.wikimedia.org/wiki/Special:FilePath/Vernall%20Nevada%20Falls.JPG,United States,https://en.wikipedia.org/wiki/Nevada_Fall,17,37.725277777,-119.532777777,"Nevada Fall is a 594-foot-high (181 m) waterfall on the Merced River in Yosemite National Park, California. It is located below the granite dome, Liberty Cap, at the west end of Little Yosemite Valley. The waterfall is widely recognized by its ""bent"" shape, in which the water free-falls for roughly the first third of its length to a steep slick-rock slope. This mid-fall impact of the water on the cliff face creates a turbulent, whitewater appearance in the fall and produces a great deal of mist which covers a wide radius, which led to its current name (Nevada is a Spanish word meaning ""snowy"").
The Indian name was Yo-wy-we, signifying the twist or squirm of the falling water. Lafayette Bunnell suggested the name ""Nevada"" for the waterfall. He wrote, ""The Nevada Fall was so called because it was the nearest to the Sierra Nevada, and because the name was sufficiently indicative of a wintry companion for our spring (Vernal Fall)... The white, foaming water, as it dashed down Yo-wy-we f..."
Q617835,Malaspina Glacier,glaciers,http://commons.wikimedia.org/wiki/Special:FilePath/Malaspina%20Glacier%20from%20space.jpg,United States,https://en.wikipedia.org/wiki/Malaspina_Glacier,32,59.9192,-140.533,"The Malaspina Glacier (Tlingit: Sít’ Tlein) in southeastern Alaska is the largest piedmont glacier in the world. Situated at the head of the Alaska Panhandle, it is about 65 km (40 mi) wide and 45 km (28 mi) long, with an area of some 3,900 km2 (1,500 sq mi), approximately the same size as the state of Rhode Island."
Q610535,Nabesna Glacier,glaciers,http://commons.wikimedia.org/wiki/Special:FilePath/MtBlackburn-AtnaPeaks-ParkaPeak.jpg,United States,https://en.wikipedia.org/wiki/Nabesna_Glacier,26,61.933333333,-143.090555555,"Nabesna Glacier is a glacier in the U.S. state of Alaska. Fed by deep snowfall in the Wrangell Mountains, the 53 mile (85 km) long  Nabesna is the longest valley glacier in North America and the world's longest interior valley glacier.
The glacier flows from an extensive icefield which covers the northern flanks of 14,163 feet (4,317 m) Mount Wrangell, a large shield volcano. It heads initially east past other volcanic peaks including Mount Blackburn and Atna Peaks and then turns north to its terminus near 3,000 ft (900 m) elevation, about 15 mi (24 km) south of the old mining settlement of Nabesna at the end of the Nabesna Road. The vast expanse and length of the Nabesna is fed by approximately 40 tributary glaciers. Melting ice at its terminus forms the Nabesna River, which flows northward through Tetlin National Wildlife Refuge and into the Tanana River."
Q833807,Columbia Glacier,glaciers,http://commons.wikimedia.org/wiki/Special:FilePath/Columbia%20Glacier%20%28Alaska%29%20by%20Sentinel-2.jpg,United States,https://en.wikipedia.org/wiki/Columbia_Glacier_(Alaska),20,61.2197,-146.895,"The Columbia Glacier, a glacier in Prince William Sound on the south coast of the U.S. state of Alaska, is one of the fastest moving glaciers in the world, and has been retreating since the early 1980s.  It was named after Columbia University, one of several glaciers in the area named for elite U.S. colleges by the Harriman Alaska Expedition in 1899. The head of the main branch of the glacier originates at the saddle between Mount Witherspoon and Mount Einstein.
The Alaska Marine Highway vessel M/V Columbia is named after the Columbia Glacier."
Q1529680,Muir Glacier,glaciers,http://commons.wikimedia.org/wiki/Special:FilePath/Morse%20Muir%20Glaciers%201994.jpg,United States,https://en.wikipedia.org/wiki/Muir_Glacier,18,59.2059482,-136.4444768,"Muir Glacier is a glacier in Glacier Bay National Park and Preserve in the U.S. state of Alaska. It is currently about 0.7 km (0.43 mi) wide at the terminus.  As recently as the mid-1980s the glacier was a tidewater glacier and calved icebergs from a wall of ice 90 m (200 feet) tall.
The glacier is named after Scottish-born naturalist John Muir, who traveled around the area and wrote about it, generating interest in the local environment and in its preservation. His first two visits were in 1879 (at age 41) and 1880. During the visits, he sent an account of his visits in installments to the San Francisco Bulletin. Later, he collected and edited these installments in a book, Travels in Alaska, published in 1915, the year after he died."
Q1632936,Hubbard Glacier,glaciers,http://commons.wikimedia.org/wiki/Special:FilePath/Hubbard%20Glacier%20%285%29.jpg,United States,https://en.wikipedia.org/wiki/Hubbard_Glacier,17,60.313888888,-139.370833333,"Hubbard Glacier (Lingít: Sít' Tlein) is a glacier located in Wrangell–St. Elias National Park and Preserve in eastern Alaska and Kluane National Park and Reserve in Yukon, Canada, and named after Gardiner Hubbard."
Q351,Yellowstone National Park,national_parks,http://commons.wikimedia.org/wiki/Special:FilePath/Grand%20Prismatic%20Spring%202013.jpg,United States,https://en.wikipedia.org/wiki/Yellowstone_National_Park,230,44.6,-110.5,"Yellowstone National Park is a national park of the United States located in the northwest corner of the state of Wyoming, with small portions extending into Montana and Idaho. It was established by the 42nd U.S. Congress through the Yellowstone National Park Protection Act and signed into law by President Ulysses S. Grant on March 1, 1872. Yellowstone was the first national park in the US, and is also widely understood to be the first national park in the world. The park is known for its wildlife and its many geothermal features, especially the Old Faithful geyser, one of its most popular. While it represents many types of biomes, subalpine forest is the most abundant. It is part of the South Central Rockies forests ecoregion.
While Native Americans have lived in the Yellowstone region for at least 11,000 years, aside from visits by mountain men during the early-to-mid-19th century, organized exploration did not begin until the late 1860s. Management and control of the park origina..."
Q180402,Yosemite National Park,national_parks,http://commons.wikimedia.org/wiki/Special:FilePath/Half%20Dome%20with%20Eastern%20Yosemite%20Valley%20%2850MP%29.jpg,United States,https://en.wikipedia.org/wiki/Yosemite_National_Park,174,37.7425,-119.5375,"Yosemite National Park ( yoh-SEM-ih-tee) is a national park of the United States in California. It is bordered on the southeast by the Sierra National Forest and on the northwest by Stanislaus National Forest. The park is managed by the National Park Service and covers 1,187 mi2 (3,070 km2) in four counties – centered in Tuolumne and Mariposa, extending north and east to Mono and south to Madera. Designated a World Heritage Site in 1984, Yosemite is internationally recognized for its granite cliffs, waterfalls, clear streams, groves of giant sequoia, lakes, mountains, meadows, glaciers, and biological diversity. Almost 95 percent of the park is designated wilderness. Yosemite is one of the largest and least fragmented habitat blocks in the Sierra Nevada mountain range.
Its geology is characterized by granite and remnants of older rock. About 10 million years ago, the Sierra Nevada was uplifted and tilted to form its unique slopes, which increased the steepness of stream and river be..."
Q274131,Everglades National Park,national_parks,http://commons.wikimedia.org/wiki/Special:FilePath/Sunset%20over%20the%20River%20of%20Grass%2C%20NPSphoto%2C%20G.Gardner%20%289255157507%29.jpg,United States,https://en.wikipedia.org/wiki/Everglades_National_Park,140,25.3125,-80.6875,"Everglades National Park  is a United States national park that protects the southern twenty percent of the original Everglades in Florida. The park is the largest tropical wilderness in the United States and the largest wilderness of any kind east of the Mississippi River. An average of one million people visit the park each year. Everglades is the third-largest national park in the contiguous United States after Death Valley and Yellowstone. It was declared a national park in 1947. UNESCO declared the Everglades & Dry Tortugas Biosphere Reserve in 1976 and listed the park as a World Heritage Site in 1979, and the Ramsar Convention included the park on its list of Wetlands of International Importance in 1987. Everglades is one of only three locations in the world to appear on all three lists.
Most national parks preserve unique geographic features; Everglades National Park was the first created to protect a fragile ecosystem. The Everglades are a network of wetlands and forests fed..."
Q220289,Grand Canyon National Park,national_parks,http://commons.wikimedia.org/wiki/Special:FilePath/10%20Grand%20Canyon%20Navajo%20Point%20viewpoint%20terrace%2C%20Grand%20Canyon%20National%20Park%2C%20USA%20-%20American%20nature.jpg,United States,https://en.wikipedia.org/wiki/Grand_Canyon_National_Park,124,36.0553,-112.122,"Grand Canyon National Park is a national park of the United States located in northwestern Arizona, the 15th site to have been named as a national park. The park's central feature is the Grand Canyon, a gorge of the Colorado River, which is often considered one of the Wonders of the World. The park, which covers 1,217,262 acres (1,901.972 sq mi; 4,926.08 km2) of unincorporated area in Coconino and Mohave counties, received more than 4.9 million recreational visitors in 2024. The Grand Canyon was designated a World Heritage Site by UNESCO in 1979. The park celebrated its 100th anniversary on February 26, 2019."
Q219562,Bryce Canyon National Park,national_parks,http://commons.wikimedia.org/wiki/Special:FilePath/USA%2010654%20Bryce%20Canyon%20Luca%20Galuzzi%202007.jpg,United States,https://en.wikipedia.org/wiki/Bryce_Canyon_National_Park,120,37.64,-112.17,"Bryce Canyon National Park () is a national park of the United States located in southwestern Utah. The major feature of the park is Bryce Canyon, which, despite its name, is not a canyon but a collection of giant natural amphitheaters along the eastern side of the Paunsaugunt Plateau. Bryce is distinctive due to geological structures called hoodoos, formed by frost weathering and stream erosion of the river and lake bed sedimentary rock. The red, orange, and white colors of the rocks provide distinctive views for park visitors. Bryce Canyon National Park is much smaller and sits at a much higher elevation than nearby Zion National Park. The rim at Bryce varies from 8,000 to 9,000 feet (2,400 to 2,700 m).
The area is in portions of Garfield County and Kane County. It was settled by Mormon pioneers in the 1850s and was named after Ebenezer Bryce, who homesteaded in the area in 1874. The area was originally designated as a national monument by President Warren G. Harding in 1923 and w..."
Q237128,Mesa Verde National Park,national_parks,http://commons.wikimedia.org/wiki/Special:FilePath/Mesa%20Verde.jpg,United States,https://en.wikipedia.org/wiki/Mesa_Verde_National_Park,120,37.260375,-108.494444,"Mesa Verde National Park is a national park of the United States and UNESCO World Heritage Site located in Montezuma County, Colorado, and the only World Heritage Site in Colorado. The park protects some of the best-preserved Ancestral Puebloan ancestral sites in the United States.
Established by Congress and President Theodore Roosevelt in 1906, the park occupies 52,485 acres (212 km2) near the Four Corners region of the American Southwest. With more than 5,000 sites, including 600 cliff dwellings, it is the largest archaeological preserve in the United States. Mesa Verde (Spanish for ""green table"", or more specifically ""green table mountain"") is best known for structures such as Cliff Palace, one of the largest cliff dwellings in North America.
Starting c. 7500 BC Mesa Verde was seasonally inhabited by a group of nomadic Paleo-Indians known as the Foothills Mountain Complex. The variety of projectile points found in the region indicates they were influenced by surrounding areas, i..."
Q373567,Glacier National Park,national_parks,http://commons.wikimedia.org/wiki/Special:FilePath/Saint%20Mary%20Lake%20and%20Wildgoose%20Island.jpg,United States,https://en.wikipedia.org/wiki/Glacier_National_Park_(U.S.),114,48.755,-113.8,"Glacier National Park is a national park of the United States located in northwestern Montana, on the Canada–United States border. The park encompasses more than 1 million acres (4,100 km2) and includes parts of two mountain ranges (sub-ranges of the Rocky Mountains), more than 130 named lakes, more than 1,000 different species of plants, and hundreds of species of animals. This vast pristine ecosystem is the centerpiece of what has been referred to as the ""Crown of the Continent Ecosystem"", a region of protected land encompassing 16,000 mi2 (41,000 km2).
The region that became Glacier National Park was first inhabited by Native Americans. Upon the arrival of European explorers, it was dominated by the Blackfeet in the east and the Flathead in the western regions. Under pressure, the Blackfeet ceded the mountainous parts of their treaty lands in 1895 to the federal government which became part of the park. Soon after the establishment of the park on May 11, 1910, a number of hotels ..."
Q205325,Zion National Park,national_parks,http://commons.wikimedia.org/wiki/Special:FilePath/Zion%20angels%20landing%20view.jpg,United States,https://en.wikipedia.org/wiki/Zion_National_Park,114,37.202619444,-112.98785,"Zion National Park is a national park of the United States located in southwestern Utah near the town of Springdale. Located at the junction of the Colorado Plateau, Great Basin, and Mojave Desert regions, the park has a unique geography and a variety of life zones that allow for unusual plant and animal diversity. Numerous plant species as well as 289 species of birds, 75 mammals (including 19 species of bat), and 32 reptiles inhabit the park's four life zones: desert, riparian, woodland, and coniferous forest. Zion National Park includes mountains, canyons, buttes, mesas, monoliths, rivers, slot canyons, and natural arches. The lowest point in the park is 3,666 ft (1,117 m) at Coalpits Wash and the highest peak is 8,726 ft (2,660 m) at Horse Ranch Mountain. A prominent feature of the 229-square-mile (590 km2) park is Zion Canyon, which is 15 miles (24 km) long and up to 2,640 ft (800 m) deep. The canyon walls are reddish and tan-colored Navajo Sandstone eroded by the North Fork of..."
Q372093,Olympic National Park,national_parks,http://commons.wikimedia.org/wiki/Special:FilePath/HurricaneRidge%207392t.jpg,United States,https://en.wikipedia.org/wiki/Olympic_National_Park,110,47.7,-123.75,"Olympic National Park is a national park of the United States located in Washington, on the Olympic Peninsula. The park has four regions: the Pacific coastline, alpine areas, the west-side temperate rainforest, and the forests of the drier east side. Within the park there are three distinct ecosystems, including subalpine forest and wildflower meadow, temperate forest, and the rugged Pacific coast.
President Theodore Roosevelt originally designated the park as Mount Olympus National Monument on March 2, 1909. The monument was redesignated a national park by Congress and President Franklin D. Roosevelt on June 29, 1938. In 1976, Olympic National Park was designated by UNESCO as an International Biosphere Reserve, and in 1981 as a World Heritage Site. In 1988, Congress designated 95 percent of the park (1,370 square miles (3,500 km2)) as the Olympic Wilderness, which was renamed Daniel J. Evans Wilderness in honor of the former Washington state Governor and U.S. Senator Daniel J. Evan..."
Q205952,Hawaiʻi Volcanoes National Park,national_parks,http://commons.wikimedia.org/wiki/Special:FilePath/Lava-streaming-into-ocean.jpg,United States,https://en.wikipedia.org/wiki/Hawai%CA%BBi_Volcanoes_National_Park,108,19.40083,-155.12361,"Hawaiʻi Volcanoes National Park is a national park of the United States, located on the island of Hawaiʻi in the state of Hawaii. The park encompasses two active volcanoes: Kīlauea, one of the world's most active volcanoes, and Mauna Loa, the world's largest shield volcano. The park provides scientists with insight into the development of the Hawaiian Islands and access for studies of volcanism. For visitors, the park offers dramatic volcanic landscapes, glimpses of rare flora and fauna, and a view into the traditional Hawaiian culture connected to these landscapes. The indigenous people of the park, ""Kanaka Maoli"", believed in living a life that did not take up resources. Volcanic eruptions are seen as sacred. 
The park was originally established on August 1, 1916, as Hawaii National Park, which was then split into this park and Haleakalā National Park. In recognition of its outstanding natural values, Hawaiʻi Volcanoes National Park was designated as an International Biosphere Res..."
Q242681,Mammoth Cave National Park,national_parks,http://commons.wikimedia.org/wiki/Special:FilePath/Mammoth%20Cave%20Rotunda%20%28USGS%20Lwt02830%29.jpg,United States,https://en.wikipedia.org/wiki/Mammoth_Cave_National_Park,106,37.186944444,-86.101111111,"Mammoth Cave National Park is a national park of the United States in south-central Kentucky. It encompasses portions of Mammoth Cave, the longest known cave system in the world. The park's 52,007 acres (21,046 ha) are located primarily in Edmonson County, with small areas extending eastward into Hart and Barren counties. The Green River runs through the park, with a tributary called the Nolin River feeding into the Green just inside the park.
The cave system has formally been known as the Mammoth–Flint Ridge Cave System since 1972, when a connection was discovered between Mammoth Cave and the even longer system under Flint Ridge to the north. As of 2025, more than 426 miles (686 km) of passageways had been surveyed, over 1.5 times longer than the second-longest cave system, Mexico's Ox bel ha underwater cave.
The park was established as a national park on July 1, 1941, after oft-contentious eminent domain proceedings whose consequences still affect the region. It was named a World ..."
Q222695,Grand Teton National Park,national_parks,http://commons.wikimedia.org/wiki/Special:FilePath/Barns%20grand%20tetons.jpg,United States,https://en.wikipedia.org/wiki/Grand_Teton_National_Park,104,43.833333333,-110.700833333,"Grand Teton National Park is a national park of the United States in northwestern Wyoming. At approximately 310,000 acres (130,000 ha; 1,300 km2), the park includes the major peaks of the 40-mile-long (64 km) Teton Range as well as most of the northern sections of the valley known as Jackson Hole. Grand Teton National Park is 10 miles (16 km) south of Yellowstone National Park, to which it is connected by the John D. Rockefeller Jr. Memorial Parkway. Along with surrounding national forests, these three protected areas constitute the almost 22-million-acre (89,000-square-kilometer) Greater Yellowstone Ecosystem, one of the world's largest intact mid-latitude temperate ecosystems.
The human history of the Grand Teton region dates back at least 11,000 years. In the early 19th century, the first European colonizers encountered the eastern Shoshone people. Between 1810 and 1840, the region attracted fur trading companies that vied for control of the lucrative beaver pelt trade. U.S. gove..."
Q273195,Carlsbad Caverns National Park,national_parks,http://commons.wikimedia.org/wiki/Special:FilePath/Carlsbad%20Interior%20Formations.jpg,United States,https://en.wikipedia.org/wiki/Carlsbad_Caverns_National_Park,102,32.175277777,-104.443888888,"Carlsbad Caverns National Park is a national park of the United States in the Guadalupe Mountains of southeastern New Mexico. The primary attraction of the park is the show cave Carlsbad Cavern. Visitors can hike in on their own via the natural entrance or take an elevator from the visitor center.
The park entrance is located on US Highway 62/180, approximately 18 miles (29 km) southwest of Carlsbad, New Mexico. The park has two entries on the National Register of Historic Places: The Caverns Historic District and the Rattlesnake Springs Historic District. Approximately two-thirds of the park has been set aside as a wilderness area, helping to ensure that no future changes will be made to the habitat.
Carlsbad Caverns includes a large limestone chamber, named simply the Big Room, which is almost 4,000 ft (1,220 m) long, 625 ft (191 m) wide, and 255 ft (78 m) high at its highest point. The Big Room is the largest chamber in North America and the 32nd largest in the world.
Carlsbad Ca..."
Q464004,Great Smoky Mountains National Park,national_parks,http://commons.wikimedia.org/wiki/Special:FilePath/Great%20Smoky%20Mountains%20Cades%20Cove%20View.jpg,United States,https://en.wikipedia.org/wiki/Great_Smoky_Mountains_National_Park,102,35.611111111,-83.425,"Great Smoky Mountains National Park is a national park of the United States in the southeast, with parts in North Carolina and Tennessee. The park straddles the ridgeline of the Great Smoky Mountains, part of the Blue Ridge Mountains and part of the Appalachian temperate rainforest, which are a division of the larger Appalachian Mountain chain. The park contains some of the highest mountains in eastern North America, including Kuwohi, Mount Guyot, and Mount Le Conte. The border between the two states runs northeast to southwest through the center of the park. The Appalachian Trail passes through the center of the park on its route from Georgia to Maine. With over 12 million visitors in 2024, the Great Smoky Mountains National Park is the most visited national park in the United States.

The park encompasses 522,419 acres (816.28 sq mi; 211,415.47 ha; 2,114.15 km2), making it one of the largest protected areas in the eastern United States. The main park entrances are located along U...."
Q223969,Arches National Park,national_parks,http://commons.wikimedia.org/wiki/Special:FilePath/Delicate%20Arch%20-%20Arches%20National%20Park%20%2828744386992%29.jpg,United States,https://en.wikipedia.org/wiki/Arches_National_Park,102,38.728055555,-109.54,"Arches National Park is a national park of the United States in eastern Utah. The park is adjacent to the Colorado River, 4 mi (6 km) north of Moab, Utah. The park contains more than 2,000 natural sandstone arches, including the well-known Delicate Arch, which constitute the highest density of natural arches in the world. It also contains a variety of other unique geological resources and formations. The national park lies above an underground evaporite layer or salt bed, which is the main cause of the formation of the arches, spires, balanced rocks, sandstone fins, and eroded monoliths in the area.
The park consists of 310.31 km2 (76,680 acres; 119.81 sq mi; 31,031 ha) of high desert located on the Colorado Plateau. The highest elevation in the park is 5,653 ft (1,723 m) at Elephant Butte, and the lowest elevation is 4,085 ft (1,245 m) at the visitor center. The park receives an average of less than 10 in (250 mm) of rain annually.
Administered by the National Park Service, the are..."
Q49108,Massachusetts Institute of Technology,universities,http://commons.wikimedia.org/wiki/Special:FilePath/MIT%20Dome%20night1%20Edit.jpg,United States,https://en.wikipedia.org/wiki/Massachusetts_Institute_of_Technology,448,42.359722222,-71.091944444,"The Massachusetts Institute of Technology (MIT) is a private research university in Cambridge, Massachusetts, United States. Founded in 1861 to advance ""useful knowledge"", the university has played a significant role in the development of many areas of technology and science.
William Barton Rogers founded MIT to accelerate American industrialization through scientific knowledge. Initially funded by a federal land grant, the institute adopted a German polytechnic model emphasizing laboratory instruction in applied science and engineering, and moved from Boston's Back Bay to its current campus in Cambridge in 1916. Early growth came through research contracts with private industry, though the institute remained financially constrained and focused primarily on practical engineering education into the 1930s.
MIT's transformation as a research enterprise began during World War II, when projects like the Radiation Laboratory made it the nation's largest non-industrial R&D contractor. Grad..."
Q13371,Harvard University,universities,http://commons.wikimedia.org/wiki/Special:FilePath/Sanders%20theater%202009y.JPG,United States,https://en.wikipedia.org/wiki/Harvard_University,298,42.374443888,-71.116943888,"Harvard University is a private Ivy League research university in Cambridge, Massachusetts, United States. Founded in 1636, and named Harvard College in 1639 in honor of its first benefactor, Puritan clergyman John Harvard, it is the oldest institution of higher learning in the United States. Its influence, wealth, and rankings have made it one of the most prestigious universities in the world.
Harvard was founded and authorized by the Massachusetts General Court, the governing legislature of colonial-era Massachusetts Bay Colony. While never formally affiliated with any Protestant denomination, Harvard trained Congregational clergy until its curriculum and student body were gradually secularized in the 18th century. In 1780, the Constitution of Massachusetts referred to it as a university, and a new medical school established in 1782 was named the Medical Institution of Harvard University; but this was a new name, not a new foundation. Harvard College soon became the name of the un..."
Q49115,Cornell University,universities,http://commons.wikimedia.org/wiki/Special:FilePath/Cornell%20University%2C%20Ho%20Plaza%20and%20Sage%20Hall.jpg,United States,https://en.wikipedia.org/wiki/Cornell_University,291,42.449166666,-76.483888888,"Cornell University ( korr-NEHL) is a private Ivy League research university based in Ithaca, New York, United States. The university was co-founded by American philanthropist Ezra Cornell and historian and educator Andrew Dickson White in 1865. Since its founding, Cornell University has been a co-educational and nonsectarian institution. As of fall 2024, the student body included 16,128 undergraduate and 10,665 postgraduate students from all 50 U.S. states and 130 countries.
The university is organized into eight undergraduate colleges and seven graduate divisions on its main Ithaca campus. Each college and academic division has near autonomy in defining its respective admission standards and academic curriculum. In addition to its primary campus in Ithaca, Cornell University administers three satellite campuses, including two in New York City, the medical school and Cornell Tech, and a branch of the medical school in Al Rayyan in Education City, Qatar.
Cornell is one of three priva..."
Q41506,Stanford University,universities,http://commons.wikimedia.org/wiki/Special:FilePath/Stanford%20Oval%20May%202011%20panorama.jpg,United States,https://en.wikipedia.org/wiki/Stanford_University,222,37.4275,-122.17,"Leland Stanford Junior University, commonly referred to as Stanford University, is a private research university in Stanford, California, United States. It was founded in 1885 by railroad magnate Leland Stanford (the eighth governor of and then-incumbent United States senator representing California) and his wife, Jane, in memory of their only child, Leland Jr.
The university admitted its first students in 1891, opening as a coeducational and non-denominational institution. It struggled financially after Leland died in 1893 and again after much of the campus was damaged by the 1906 San Francisco earthquake. Following World War II, university provost Frederick Terman inspired an entrepreneurial culture to build a self-sufficient local industry (later Silicon Valley). In 1951, Stanford Research Park was established in Palo Alto as the world's first university research park. By 2021, the university had 2,288 tenure-line faculty, senior fellows, center fellows, and medical faculty on st..."
Q49112,Yale University,universities,http://commons.wikimedia.org/wiki/Special:FilePath/Yale%20Law%20School%20in%20the%20Sterling%20Law%20Building.jpg,United States,https://en.wikipedia.org/wiki/Yale_University,212,41.311111111,-72.926666666,"Yale University is a private Ivy League research university in New Haven, Connecticut, United States. Founded in 1701, Yale is the third-oldest institution of higher education in the United States. It is one of the nine colonial colleges chartered before the American Revolution.
Yale was established as the Collegiate School in 1701 by Congregationalist clergy of the Connecticut Colony. Originally focused on theology and sacred languages, the school's curriculum expanded to include humanities and sciences by the time of the American Revolution. In the 19th century, the college expanded to include graduate and professional instruction, awarding the first PhD in the United States in 1861 and organizing as a university in 1887. Yale's faculty and student populations grew rapidly after 1890 due to the expansion of the physical campus and its scientific research programs.
Yale is organized into fifteen constituent schools, including the original undergraduate college, the Yale Graduate Sc..."
Q21578,Princeton University,universities,http://commons.wikimedia.org/wiki/Special:FilePath/ClevelandTowerWatercolor20060829.jpg,United States,https://en.wikipedia.org/wiki/Princeton_University,198,40.345277777,-74.656111111,"Princeton University is a private Ivy League research university in Princeton, New Jersey, United States. Founded in 1746 in Elizabeth as the  College of New Jersey, Princeton is the fourth-oldest institution of higher education in the United States and one of the nine colonial colleges chartered before the American Revolution. The institution moved to Newark in 1747 and then to its Mercer County campus in Princeton nine years later. It officially became a university in 1896 and was subsequently renamed Princeton University.
The university is governed by the Trustees of Princeton University and has an endowment of $37.7 billion, the largest endowment per student in the United States. Princeton provides undergraduate and graduate instruction in the humanities, social sciences, natural sciences, and engineering to approximately 9,000 students on its main campus spanning 600 acres (2.4 km2) within the borough of Princeton. It offers postgraduate degrees through the Princeton School of ..."
Q49088,Columbia University,universities,http://commons.wikimedia.org/wiki/Special:FilePath/Columbia%20University%20-%20Low%20Memorial%20Library%20%2848170370506%29.jpg,United States,https://en.wikipedia.org/wiki/Columbia_University,192,40.8075,-73.961944444,"Columbia University in the City of New York, commonly referred to as Columbia University, is a private Ivy League research university in New York City, United States. Established in 1754 as King's College by royal charter under George II of Great Britain on the grounds of Trinity Church in Manhattan, it is the oldest institution of higher education in New York and the fifth-oldest in the United States. 
The university was renamed Columbia College in 1784 following the American Revolution, and in 1787 was placed under a private board of trustees headed by former students Alexander Hamilton and John Jay. In 1896, the campus was moved to its current location and renamed Columbia University.
Columbia is organized into 17 schools, two affiliated colleges—Barnard College and Teachers College—and two affiliated seminaries—Jewish Theological Seminary (JTS) and Union Theological Seminary (UTS). The university's research efforts include the Lamont–Doherty Earth Observatory, the Goddard Instit..."
Q333886,Georgetown University,universities,http://commons.wikimedia.org/wiki/Special:FilePath/Healy%20Hall%20Georgetown%20University.jpg,United States,https://en.wikipedia.org/wiki/Georgetown_University,174,38.907222222,-77.072777777,"Georgetown University is a private Jesuit research university in Washington, D.C., United States. Founded by Bishop John Carroll in 1789, it is the oldest Catholic institution of higher education in the United States, the oldest university in Washington, D.C., and the nation's first federally chartered university.
The university has eleven undergraduate and graduate schools. Its main campus, located in the Georgetown historic neighborhood, is on a hill above the Potomac River and identifiable by Healy Hall, a National Historic Landmark. It is classified among ""R1: Doctoral Universities – Very high research activity."" The university offers degree programs in forty-eight disciplines, enrolling an average of 7,500 undergraduate and 10,000 graduate students from more than 135 countries. The school's athletic teams are nicknamed the Hoyas and include a men's basketball team, which is a member of the Big East Conference.
Notable alumni include 32 Rhodes Scholars, 46 Marshall Scholars, 33 ..."
Q168756,"University of California, Berkeley",universities,http://commons.wikimedia.org/wiki/Special:FilePath/Berkeley%20glade%20afternoon.jpg,United States,"https://en.wikipedia.org/wiki/University_of_California,_Berkeley",174,37.871944444,-122.258333333,"The University of California, Berkeley (UC Berkeley, Berkeley, Cal, or California) is a public land-grant research university in the Southside and Northside neighborhoods of Berkeley, California, United States. Founded in 1868 and named after the Anglo-Irish philosopher George Berkeley, it is the state's first land-grant university and the founding campus of the University of California system.
Berkeley has an enrollment of more than 45,000 students. The university is organized around fifteen schools of study on the same campus, including the College of Chemistry, the College of Engineering, College of Letters and Science, and the Haas School of Business. It is classified among ""R1: Doctoral Universities – Very high research activity"". Lawrence Berkeley National Laboratory was originally founded as part of the university.
Berkeley was a founding member of the Association of American Universities and was one of the original eight ""Public Ivy"" schools. In 2021, the federal funding for..."
Q131252,University of Chicago,universities,http://commons.wikimedia.org/wiki/Special:FilePath/Campus%20Spring.jpg,United States,https://en.wikipedia.org/wiki/University_of_Chicago,172,41.789722222,-87.599722222,"The University of Chicago (UChicago, Chicago, UChi, or U of C) is a private research university in the Hyde Park community area of Chicago, Illinois, United States.
The university is composed of an undergraduate college and four graduate research divisions: the Arts & Humanities Division, the Biological Sciences Division, the Physical Sciences Division, and the Social Sciences Division, all of which include various organized departments and institutes. In addition, the university operates seven professional schools in the fields of business, social work, theology, public policy, law, medicine, and molecular engineering, as well as a school of continuing studies. The university maintains satellite campuses and centers in London, Hong Kong, Paris, Beijing, Delhi, Luxor, and downtown Chicago.
University of Chicago scholars have played a role in the development of many academic disciplines, including economics, law, literary criticism, mathematics, physics, religion, sociology, and poli..."
Q125753,Holland Tunnel,space,http://commons.wikimedia.org/wiki/Special:FilePath/Holland%20tunnel.jpg,United States,https://en.wikipedia.org/wiki/Holland_Tunnel,31,40.7275,-74.021389,"The Holland Tunnel is a vehicular tunnel under the Hudson River that connects Hudson Square and Lower Manhattan in New York City in the east to Jersey City, New Jersey, in the west. The tunnel is operated by the Port Authority of New York and New Jersey and carries Interstate 78. The New Jersey side of the tunnel is the eastern terminus of New Jersey Route 139. It consists of two tubes: the eastbound tube is a toll road, while the westbound tube is toll-free. The Holland Tunnel is one of three vehicular crossings between Manhattan and New Jersey; the two others are the Lincoln Tunnel and George Washington Bridge.
The Holland Tunnel is named for Clifford Milburn Holland, its initial chief engineer, who died suddenly in 1924 prior to its opening. It was the world's first mechanically ventilated tunnel, with a ventilation system designed by Ole Singstad, who oversaw the tunnel's completion. The tubes are made of cast-iron rings covered by concrete and measuring 29.5 feet (9.0 m) in dia..."
Q125805,Lincoln Tunnel,space,http://commons.wikimedia.org/wiki/Special:FilePath/Lincoln%20Manh%20portal%209-38%20jeh.JPG,United States,https://en.wikipedia.org/wiki/Lincoln_Tunnel,29,40.7625,-74.0111,"The Lincoln Tunnel is an approximately 1.5-mile-long (2.4 km) tunnel under the Hudson River, connecting Weehawken, New Jersey, to the west with Midtown Manhattan in New York City to the east. It carries New Jersey Route 495 on the New Jersey side and the unsigned New York State Route 495 on the New York side. It was designed by Ole Singstad and named after Abraham Lincoln. The tunnel consists of three vehicular tubes of varying lengths, with two traffic lanes in each tube. The center tube contains reversible lanes, while the northern and southern tubes exclusively carry westbound and eastbound traffic, respectively.
The Lincoln Tunnel was originally proposed in the late 1920s and early 1930s as the Midtown Hudson Tunnel. The tubes of the Lincoln Tunnel were constructed in stages between 1934 and 1957. Construction of the central tube, which originally lacked sufficient funding due to the Great Depression, started in 1934 and it opened in 1937. The northern tube started construction ..."
Q1129573,Detroit–Windsor Tunnel,space,http://commons.wikimedia.org/wiki/Special:FilePath/DWTunnel.JPG,United States,https://en.wikipedia.org/wiki/Detroit%E2%80%93Windsor_Tunnel,18,42.324502777,-83.040052777,"The Detroit–Windsor Tunnel (French: tunnel de Détroit-Windsor), also known as the Detroit–Canada Tunnel, is an international highway tunnel connecting the cities of Detroit, Michigan, United States and Windsor, Ontario, Canada. It is the second-busiest crossing between the United States and Canada, the first being the Ambassador Bridge, which also connects the two cities, which are situated on the Detroit River."
Q3318219,Moffat Tunnel,space,http://commons.wikimedia.org/wiki/Special:FilePath/Image%20Moffat%20west2a.jpg,United States,https://en.wikipedia.org/wiki/Moffat_Tunnel,18,39.9024,-105.646,"The Moffat Tunnel is a railroad and water tunnel that cuts through the Continental Divide in north-central Colorado. Named after Colorado railroad pioneer David Moffat, the tunnel's first official railroad traffic passed through in February 1928.
The Moffat Tunnel finally provided Denver with a western link through the Continental Divide, as both Cheyenne, Wyoming, to the north and Pueblo to the south already enjoyed rail access to the West Coast. It follows the right-of-way laid out by Moffat in 1902 while he was seeking a better and shorter route from Denver to Salt Lake City. The Moffat Tunnel averages 15 trains per day. The railroad and water tunnels parallel one another; the water tunnel delivers a portion of Denver's water supply. In 1979, the tunnel was designated as a National Historic Civil Engineering Landmark by the American Society of Civil Engineers."
Q125635,Brooklyn–Battery Tunnel,space,http://commons.wikimedia.org/wiki/Special:FilePath/Brookbattunmanjeh.JPG,United States,https://en.wikipedia.org/wiki/Brooklyn%E2%80%93Battery_Tunnel,16,40.695833,-74.013611,"The Hugh L. Carey Tunnel, commonly referred to as the Brooklyn–Battery Tunnel, Battery Tunnel or Battery Park Tunnel, is a tolled tunnel in New York City that connects Red Hook in Brooklyn with the Battery in Manhattan. The tunnel consists of twin tubes that each carry two traffic lanes under the mouth of the East River. Although it passes just offshore of Governors Island, the tunnel does not provide vehicular access to the island. With a length of 9,117 feet (1.73 mi; 2.78 km), it is the longest continuous underwater vehicular tunnel in North America.
Plans for the Brooklyn–Battery Tunnel date back to the 1920s. Official plans to build the tunnel were submitted in 1930 but were initially not carried out. The New York City Tunnel Authority, created in 1936, was tasked with constructing the tunnel. After unsuccessful attempts to secure federal funds, New York City Parks Commissioner Robert Moses proposed a Brooklyn–Battery Bridge. However, the public opposed the bridge plan, and the..."
Q82059,Nasdaq,markets,http://commons.wikimedia.org/wiki/Special:FilePath/CreditRich%20Nasdaq%20Tower%20NYC.jpg,United States,https://en.wikipedia.org/wiki/Nasdaq,92,40.7565,-73.98576,"The Nasdaq Stock Market (formerly National Association of Securities Dealers Automated Quotations) is an American stock exchange. It is the second-largest stock exchange by market capitalization and the first fully electronic stock market. Based in Manhattan, New York City, the exchange is among the most active stock trading venues by volume in the United States.
The exchange platform is owned by Nasdaq, Inc., which also owns the Nasdaq Nordic stock market network and several U.S.-based stock and options exchanges. The exchange is the primary listing for many technology companies and also trades stock in many foreign firms, with China and Israel being the largest foreign sources.
As of December 31, 2024, 4,075 companies listed securities on Nasdaq, including 1,383 listings on The Nasdaq Global Select Market, 1,366 on The Nasdaq Global Market, and 1,326 on The Nasdaq Capital Market.
The Nasdaq Composite, Nasdaq-100, Nasdaq Financial-100 stock market indices are made up only of stocks..."
Q13677,New York Stock Exchange,markets,http://commons.wikimedia.org/wiki/Special:FilePath/Nyse%202009g.JPG,United States,https://en.wikipedia.org/wiki/New_York_Stock_Exchange,88,40.706944444,-74.011111111,"The New York Stock Exchange (NYSE, nicknamed ""the Big Board"") is an American stock exchange headquartered at the New York Stock Exchange Building in the Financial District of Lower Manhattan in New York City. It is the largest stock exchange in the world by market capitalization, exceeding $44 trillion in January 2026. The NYSE is owned by Intercontinental Exchange, an American holding company that it also lists (ticker symbol ICE). Previously, it was part of NYSE Euronext (NYX), which was formed by the NYSE's 2007 merger with Euronext. According to a Gallup poll conducted in 2022, approximately 58% of American adults reported having money invested in the stock market, either through individual stocks, mutual funds, or retirement accounts."
